<?xml version="1.0" encoding="utf-8"?>
<extension version="4.0" type="plugin" group="system" method="upgrade">
    <name>plg_system_cerclebusiness</name>
    <author>Jean Machuron</author>
    <creationDate>Avril 2023</creationDate>
    <copyright>Copyright (C) 2023 Votre Nom. Tous droits réservés.</copyright>
    <license>GNU General Public License version 2 or later; see LICENSE.txt</license>
    <authorEmail>jmachuron@activ-ha.com</authorEmail>
    <authorUrl>https://cercle.business</authorUrl>
    <version>1.0.0</version>
    <description><![CDATA[Une extension pour installer le widget Cercle Business sur votre site Joomla.]]></description>
    <files>
        <filename plugin="cerclebusiness">cerclebusiness.php</filename>
    </files>
    <config>
        <fields name="params">
            <fieldset name="basic">
                <field
                    name="token"
                    type="text"
                    label="Token Cercle Business"
                    description="Entrez le token Cercle Business pour activer le widget."
                    default=""
                    filter="string"
                    size="40"
                />
            </fieldset>
        </fields>
    </config>
</extension>
